direction,target,system,unit,n,mae,medae,rmse,pearson_r,mae_vs_b2_pct,medae_vs_b2_pct,wilcoxon_p_vs_b2,n_speakers,wilcoxon_p_vs_b2_by_speaker,mae_diff_cluster_ci95_low,mae_diff_cluster_ci95_high,cluster_ci_excludes_zero,equivalent_to_b2
en-es,f0_mean_st,B1_train_mean,semitones,356,6.030951362891415,6.421470751177624,6.4882097728275925,,318.66,662.55,2.2488878276017533e-49,14.0,0.0001220703125,3.5974696584344685,5.940150791948068,True,False
en-es,f0_mean_st,B0_copy_source,semitones,356,1.4649765758059872,0.8557155344655349,2.513458458359499,0.9051758675471135,1.7,1.62,0.025410881596969775,14.0,0.216552734375,-0.010068412313051028,0.04912801366593063,False,False
en-es,f0_mean_st,B2_copy_plus_offset,semitones,356,1.4405488282208452,0.842105707997077,2.493564158900407,0.9051758675471135,,,,,,,,,
en-es,f0_mean_st,ridge,semitones,356,1.4402793264025306,0.8424414428757598,2.493134981604528,0.9051878508151626,-0.02,0.04,0.0013939482028067298,14.0,0.13525390625,-0.00041739203306298545,-5.300443690010598e-05,True,False
en-es,f0_std_st,B1_train_mean,semitones,356,1.0515020346929125,0.8699244508973664,1.4323863313785414,,5.27,42.36,0.04612782266176379,14.0,0.42626953125,-0.038893168413570885,0.1374683423840281,False,False
en-es,f0_std_st,B0_copy_source,semitones,356,0.9975657589917672,0.6068312203740697,1.567367738086133,0.33783436384406185,-0.13,-0.69,0.7644171351140658,14.0,0.2957763671875,-0.0047601385750299045,0.001956615335161258,False,False
en-es,f0_std_st,B2_copy_plus_offset,semitones,356,0.9988718886941709,0.6110730144389359,1.5702511398462013,0.33783436384406185,,,,,,,,,
en-es,f0_std_st,ridge,semitones,356,0.9035708125002764,0.6220703347873024,1.3528459228696839,0.3574835399269072,-9.54,1.8,0.004420798971378228,14.0,0.0418701171875,-0.14476583282496785,-0.046593409312943035,True,False
en-es,log_dur_ratio,B1_train_mean,log-ratio,356,0.1803455490934551,0.1590006570994384,0.22418318423068645,,0.0,0.0,1.0,14.0,,0.0,0.0,False,True
en-es,log_dur_ratio,B0_copy_source,log-ratio,356,0.1845353801100782,0.15891429195513354,0.22670584489346318,,2.32,-0.05,0.09347885518988873,14.0,0.0784912109375,-0.00033988872010461135,0.009120382947856517,False,False
en-es,log_dur_ratio,B2_copy_plus_offset,log-ratio,356,0.1803455490934551,0.1590006570994384,0.22418318423068645,,,,,,,,,,
en-es,log_dur_ratio,ridge,log-ratio,356,0.18021613357877814,0.1583994203689585,0.2239582184085854,0.18705885418164656,-0.07,-0.38,0.05668861127692694,14.0,0.1937255859375,-0.000281475028239786,-2.3776072259297555e-05,True,False
es-en,f0_mean_st,B1_train_mean,semitones,356,6.1495172900272985,6.545123533673783,6.641618131177444,,311.68,677.24,1.0707566299008205e-50,14.0,0.0003662109375,3.629528907524801,5.864629265892056,True,False
es-en,f0_mean_st,B0_copy_source,semitones,356,1.5181832203343348,0.8557155344655349,2.8950838794848965,0.8752111800738216,1.64,1.62,0.10847934618612769,14.0,0.2412109375,-0.010125065469181465,0.04885077263629378,False,False
es-en,f0_mean_st,B2_copy_plus_offset,semitones,356,1.493755558280681,0.8421026630760933,2.873895168220758,0.8752111800738216,,,,,,,,,
es-en,f0_mean_st,ridge,semitones,356,1.493653158761385,0.8407579341011682,2.8736891175448154,0.8752123671934361,-0.01,-0.16,0.25282052826986323,14.0,0.6697998046875,-0.0002944866613829256,0.0001235724450364348,False,False
es-en,f0_std_st,B1_train_mean,semitones,356,0.9547752140788288,0.8012643129648318,1.2842177109702504,,-3.17,31.12,0.24105853572522973,14.0,0.71484375,-0.1373397941865066,0.06481489257278857,False,False
es-en,f0_std_st,B0_copy_source,semitones,356,0.9846976152450301,0.6068312203740697,1.5407359519992836,0.3507571568804688,-0.14,-0.69,0.3953327025854997,14.0,0.28576274557285797,-0.004785815718471353,0.0019501722232718552,False,False
es-en,f0_std_st,B2_copy_plus_offset,semitones,356,0.9860318586858378,0.6110730144389358,1.5434334774325122,0.3507571568804688,,,,,,,,,
es-en,f0_std_st,ridge,semitones,356,0.8415649953068436,0.5501915942230992,1.2536405305582101,0.351208732996359,-14.65,-9.96,6.062965106184141e-06,14.0,0.0166015625,-0.19286608993675708,-0.0972397382116492,True,False
es-en,log_dur_ratio,B1_train_mean,log-ratio,356,0.18090097638663022,0.15913116262089488,0.22480652001955118,,0.0,0.0,1.0,14.0,,0.0,0.0,False,True
es-en,log_dur_ratio,B0_copy_source,log-ratio,356,0.18531050628096515,0.1607338936514032,0.2275974831584706,,2.44,1.01,0.2123830346750426,14.0,0.0494384765625,-6.096104572405541e-05,0.00935717908868819,False,False
es-en,log_dur_ratio,B2_copy_plus_offset,log-ratio,356,0.18090097638663022,0.15913116262089488,0.22480652001955118,,,,,,,,,,
es-en,log_dur_ratio,ridge,log-ratio,356,0.17136487100135492,0.14737207405172636,0.21385125785429457,0.31961013520159764,-5.27,-7.39,0.00032728557977910723,14.0,0.0352783203125,-0.014948713501366782,-0.003850977187720304,True,False
